category,game,real_bytes,mock_bytes,savings_pct,updated_at
doom,actionDoom2,191581198,209908382,+8.7,2026-08-16T19:42:04
doom,actionDoomRampageEdition,32703968,36362198,+10.1,2026-08-16T19:42:04
doom,aoddoom,5961710,6834740,+12.8,2026-08-16T19:42:04
doom,aoddoomDeh,10426,10484,+0.6,2026-08-16T19:42:04
doom,batmanDeh,65456,65514,+0.1,2026-08-16T19:42:04
doom,batmanWad,14900101,16973860,+12.2,2026-08-16T19:42:04
doom,betray,64630,77007,+16.1,2026-08-16T19:42:04
doom,bikiniBottomMassacre,448760296,450604134,+0.4,2026-08-16T19:42:04
doom,blasphemer,17356164,20417448,+15.0,2026-08-16T19:42:04
doom,cqstrife,2448484,3676190,+33.4,2026-08-16T19:42:04
doom,doom,11087937,12996515,+14.7,2026-08-16T19:42:04
doom,doom2,13613333,14951361,+8.9,2026-08-16T19:42:04
doom,doom64,15053144,15103212,+0.3,2026-08-16T19:42:04
doom,doom64CEBgmExtended,580895622,583620880,+0.5,2026-08-16T19:42:04
doom,doom64CEBrightmaps,570848,1651562,+65.4,2026-08-16T19:42:04
doom,doom64CEDecals,3965,5472,+27.5,2026-08-16T19:42:04
doom,doom64CEExtra,1859,3471,+46.4,2026-08-16T19:42:04
doom,doom64CEMain,48992125,65512212,+25.2,2026-08-16T19:42:04
doom,doom64CEParallax,1206126,1590138,+24.1,2026-08-16T19:42:04
doom,doom64CEPbr,17654988,29504582,+40.2,2026-08-16T19:42:04
doom,doom64CESfxHq,30172569,30303782,+0.4,2026-08-16T19:42:04
doom,doom64LostLevels,925178,1345852,+31.3,2026-08-16T19:42:04
doom,freedoom1,25277332,28795084,+12.2,2026-08-16T19:42:04
doom,freedoom2,25325099,28787756,+12.0,2026-08-16T19:42:04
doom,goldenSouls2,167661174,206391573,+18.8,2026-08-16T19:42:04
doom,goldenSouls3,66881858,99744595,+32.9,2026-08-16T19:42:04
doom,goldenSoulsRemastered,73547911,88568994,+17.0,2026-08-16T19:42:04
doom,gzpt,34697642,40868326,+15.1,2026-08-16T19:42:04
doom,hdoom,45776037,71243520,+35.7,2026-08-16T19:42:04
doom,hocusPocusDoom,27374229,37507510,+27.0,2026-08-16T19:42:04
doom,id1,29838957,34816890,+14.3,2026-08-16T19:42:04
doom,inquisitor,15751387,15838212,+0.5,2026-08-16T19:42:04
doom,inquisitor2,25059827,25629622,+2.2,2026-08-16T19:42:04
doom,inquisitor3Res,35574480,36147821,+1.6,2026-08-16T19:42:04
doom,inquisitor3Wad,89112920,89145712,+0.04,2026-08-16T19:42:04
doom,jazzJackrabbitDoom,76853048,118055910,+34.9,2026-08-16T19:42:04
doom,lastermaul,12942592,12942592,+0.0,2026-08-16T19:42:04
doom,legendOfDoomAddon,7307242,7360260,+0.7,2026-08-16T19:42:04
doom,legendOfDoomBase,13602951,16042584,+15.2,2026-08-16T19:42:04
doom,lights,13813,23732,+41.8,2026-08-16T19:42:04
doom,masterLevels,3271333,3920169,+16.6,2026-08-16T19:42:04
doom,metroidDreadnoughtLevels,16766166,17645515,+5.0,2026-08-16T19:42:04
doom,metroidDreadnoughtMain,18373649,28957507,+36.5,2026-08-16T19:42:04
doom,nerve,3566447,4039441,+11.7,2026-08-16T19:42:04
doom,paranoiac,60406579,66475531,+9.1,2026-08-16T19:42:04
doom,paranoid,67907286,78652460,+13.7,2026-08-16T19:42:04
doom,pirateDoom,38980646,42383233,+8.0,2026-08-16T19:42:04
doom,plutonia,16082990,17704206,+9.2,2026-08-16T19:42:04
doom,seriousSamRetroEncounter,84195684,121415068,+30.7,2026-08-16T19:42:04
doom,sewers,104863,146841,+28.6,2026-08-16T19:42:04
doom,sigil,3954205,4660156,+15.1,2026-08-16T19:42:04
doom,sigil2,41455667,42333362,+2.1,2026-08-16T19:42:04
doom,simonsdestiny,66950324,76691010,+12.7,2026-08-16T19:42:04
doom,simpsons3Doom,22242561,23638234,+5.9,2026-08-16T19:42:04
doom,splatterhouse3D,104548208,108634222,+3.8,2026-08-16T19:42:04
doom,spramsMetroidDoomDeh,3913,4002,+2.2,2026-08-16T19:42:04
doom,spramsMetroidDoomMaps,3046684,3698314,+17.6,2026-08-16T19:42:04
doom,spramsMetroidDoomWad,23981980,28766342,+16.6,2026-08-16T19:42:04
doom,square,34026055,45202919,+24.7,2026-08-16T19:42:04
doom,tnt,17994121,18507237,+2.8,2026-08-16T19:42:04
doom,tucq,14668650,18719245,+21.6,2026-08-16T19:42:04
doom,venturous,634384066,712709150,+11.0,2026-08-16T19:42:04
doom,zombiesAteMyNeighboursTC,125433562,170342593,+26.4,2026-08-16T19:42:04
scummvm,aDateInThePark,54821534,55832134,+1.8,2026-08-16T19:42:04
scummvm,aboveTheWaves,27808575,27808575,+0.0,2026-08-16T19:42:04
scummvm,adventureland,327388,327388,+0.0,2026-08-16T19:42:04
scummvm,alphaPolaris,748153687,748223827,+0.01,2026-08-16T19:42:04
scummvm,artOfMurder1,812541871,812580690,+0.005,2026-08-16T19:42:04
scummvm,ashinaRedWitch,286427474,288580510,+0.7,2026-08-16T19:42:04
scummvm,barrowHillDarkPath,4097385582,4101063167,+0.1,2026-08-16T19:42:04
scummvm,beneathASteelSky,72862749,72862749,+0.0,2026-08-16T19:42:04
scummvm,bladeRunner,1569627343,1569627343,+0.0,2026-08-16T19:42:04
scummvm,buckaroobanzai,327388,327388,+0.0,2026-08-16T19:42:04
scummvm,claymorguesorcerer,327388,327388,+0.0,2026-08-16T19:42:04
scummvm,conquestsOfCamelot,2859141,2882172,+0.8,2026-08-16T19:42:04
scummvm,conquestsOfTheLongbow,7423975,7551985,+1.7,2026-08-16T19:42:04
scummvm,cosmosQuest3,122414133,122467401,+0.04,2026-08-16T19:42:04
scummvm,cosmosQuest4,562214961,562272325,+0.01,2026-08-16T19:42:04
scummvm,crimsoncrown,234290,234290,+0.0,2026-08-16T19:42:04
scummvm,curseOfMonkeyIsland,1061771345,1061771345,+0.0,2026-08-16T19:42:04
scummvm,daggerOfAmonRa,361987289,362498126,+0.1,2026-08-16T19:42:04
scummvm,draci,10324684,10337132,+0.1,2026-08-16T19:42:04
scummvm,dragonsphere,1729326,1729331,+0.0003,2026-08-16T19:42:04
scummvm,fateOfAtlantis,159976070,159976568,+0.0003,2026-08-16T19:42:04
scummvm,flightOfTheAmazonQueen,191887526,191887526,+0.0,2026-08-16T19:42:04
scummvm,ghosttown,327388,327388,+0.0,2026-08-16T19:42:04
scummvm,goldenvoyage,327388,327388,+0.0,2026-08-16T19:42:04
scummvm,got,1408162,1408162,+0.0,2026-08-16T19:42:04
scummvm,grimFandango,2911641304,5643276332,+48.4,2026-08-16T19:42:04
scummvm,heroinesQuest,482333724,482644396,+0.1,2026-08-16T19:42:04
scummvm,hugo1,849179,868178,+2.2,2026-08-16T19:42:04
scummvm,indianaRodent,29473258,29934560,+1.5,2026-08-16T19:42:04
scummvm,kingOfDragonPass,331537841,432506597,+23.3,2026-08-16T19:42:04
scummvm,lastCrusade,4676919,4676919,+0.0,2026-08-16T19:42:04
scummvm,lastExpress,3248384116,3248460867,+0.002,2026-08-16T19:42:04
scummvm,leewardEp1,1959339159,1961603253,+0.1,2026-08-16T19:42:04
scummvm,littleBigAdventure,304991623,305060948,+0.02,2026-08-16T19:42:04
scummvm,littleBigAdventure2,547222355,547363518,+0.03,2026-08-16T19:42:04
scummvm,lsl1,516704,45976045,+98.9,2026-08-16T19:42:04
scummvm,lsl2,1622268,47392391,+96.6,2026-08-16T19:42:04
scummvm,lsl3,2372989,50733645,+95.3,2026-08-16T19:42:04
scummvm,lsl5,7813270,55677453,+86.0,2026-08-16T19:42:04
scummvm,lsl6,521355739,567018150,+8.1,2026-08-16T19:42:04
scummvm,lsl7,614445073,615151006,+0.1,2026-08-16T19:42:04
scummvm,lureOfTheTemptress,2602403,2602403,+0.0,2026-08-16T19:42:04
scummvm,maniacMansionV1,235238,235238,+0.0,2026-08-16T19:42:04
scummvm,maniacMansionV2,580926,580926,+0.0,2026-08-16T19:42:04
scummvm,martianDreams,5183002,5183002,+0.0,2026-08-16T19:42:04
scummvm,marveladventure1,327388,327388,+0.0,2026-08-16T19:42:04
scummvm,marveladventure2,327388,327388,+0.0,2026-08-16T19:42:04
scummvm,missionimpossible,327388,327388,+0.0,2026-08-16T19:42:04
scummvm,msn1,1972907,1977226,+0.2,2026-08-16T19:42:04
scummvm,msn2,2020346,2021823,+0.1,2026-08-16T19:42:04
scummvm,myBigSisterRemastered,309242720,310982650,+0.6,2026-08-16T19:42:04
scummvm,mysteryfunhouse,327388,327388,+0.0,2026-08-16T19:42:04
scummvm,ootopos,230684,230684,+0.0,2026-08-16T19:42:04
scummvm,pirateadventure,327388,327388,+0.0,2026-08-16T19:42:04
scummvm,pirateisle,327388,327388,+0.0,2026-08-16T19:42:04
scummvm,pyramidofdoom,327388,327388,+0.0,2026-08-16T19:42:04
scummvm,returnOfThePhantom,133964168,133964168,+0.0,2026-08-16T19:42:04
scummvm,reversion1,550796309,555294826,+0.8,2026-08-16T19:42:04
scummvm,reversion2,464056280,468125318,+0.9,2026-08-16T19:42:04
scummvm,reversion3,2233197198,2237340940,+0.2,2026-08-16T19:42:04
scummvm,savageEmpire,3188597,3188597,+0.0,2026-08-16T19:42:04
scummvm,savageisland1,327388,327388,+0.0,2026-08-16T19:42:04
scummvm,savageisland2,327388,327388,+0.0,2026-08-16T19:42:04
scummvm,scottsampler,327388,327388,+0.0,2026-08-16T19:42:04
scummvm,shoaly,62484869,62581893,+0.2,2026-08-16T19:42:04
scummvm,softporn,107877,107877,+0.0,2026-08-16T19:42:04
scummvm,strangeodyssey,327388,327388,+0.0,2026-08-16T19:42:04
scummvm,suliFallenHarmony,1519194405,1519194405,+0.0,2026-08-16T19:42:04
scummvm,talisman,407123,407123,+0.0,2026-08-16T19:42:04
scummvm,teenagent,15501853,15502370,+0.003,2026-08-16T19:42:04
scummvm,thecount,327388,327388,+0.0,2026-08-16T19:42:04
scummvm,torinsPassage,335166551,335279992,+0.03,2026-08-16T19:42:04
scummvm,transylvania,193078,193078,+0.0,2026-08-16T19:42:04
scummvm,transylvaniaV2,193078,193078,+0.0,2026-08-16T19:42:04
scummvm,ultima4Enh,738281,738281,+0.0,2026-08-16T19:42:04
scummvm,voodoocastle,327388,327388,+0.0,2026-08-16T19:42:04
TOTAL,,30378560380,33956434944,+10.5,2026-08-16T19:42:04
